,NUMBER,SCHOOL_ID,PROBABILITY,UTILITY,EU
50,50,191515,0.12,69.15532310190753,8.298638772228903
40,40,192110,0.11,82.50834399878713,9.075917839866584
30,30,446561,0.1,100.01774314746255,10.001774314746257
10,10,182670,0.06,277.8984058705265,16.67390435223159
0,0,460376,0.01,10000.05286388625,100.0005286388625
